id_ticket,id_tiempo,id_sala,id_pelicula,id_socio,tipo_entrada,cantidad_entradas,precio_unitario,ingreso_total
1,1,1,35,,IMAX,1,15.3,15.3
2,1,1,35,,IMAX,3,15.19,45.57
3,1,1,35,,IMAX,2,15.54,31.08
4,1,1,35,4134.0,IMAX,2,15.67,31.34
5,1,1,35,,IMAX,3,15.35,46.05
6,1,1,35,,IMAX,2,15.72,31.44
7,1,1,35,,IMAX,4,15.57,62.28
8,1,1,35,,IMAX,3,15.03,45.09
9,1,1,35,,IMAX,2,15.44,30.88
10,1,1,35,,IMAX,2,15.32,30.64
11,1,1,35,,IMAX,3,15.09,45.27
12,1,1,35,,IMAX,2,15.6,31.2
13,1,1,35,,IMAX,4,15.15,60.6
14,1,1,35,3988.0,IMAX,3,15.88,47.64
15,1,1,35,,IMAX,4,15.9,63.6
16,1,1,35,,IMAX,1,15.13,15.13
17,1,1,35,,IMAX,1,15.72,15.72
18,1,1,35,869.0,IMAX,4,15.07,60.28
19,1,1,35,,IMAX,1,15.14,15.14
20,1,1,35,,IMAX,2,15.45,30.9
21,1,1,35,704.0,IMAX,1,15.86,15.86
22,1,1,35,,IMAX,2,15.11,30.22
23,1,1,35,4786.0,IMAX,2,15.73,31.46
24,1,1,35,,IMAX,1,15.18,15.18
25,1,1,35,,IMAX,1,15.85,15.85
26,1,1,35,,IMAX,2,15.36,30.72
27,1,1,35,,IMAX,4,15.84,63.36
28,1,1,35,2139.0,IMAX,1,15.0,15.0
29,1,1,35,,IMAX,2,15.13,30.26
30,1,1,9,,IMAX,1,15.77,15.77
31,1,1,9,,IMAX,4,15.75,63.0
32,1,1,9,,IMAX,1,15.92,15.92
33,1,1,9,3747.0,IMAX,2,15.27,30.54
34,1,1,9,,IMAX,2,15.87,31.74
35,1,1,9,,IMAX,1,15.28,15.28
36,1,1,9,,IMAX,2,15.61,31.22
37,1,1,9,399.0,IMAX,4,15.79,63.16
38,1,1,9,,IMAX,2,15.45,30.9
39,1,1,9,254.0,IMAX,1,15.83,15.83
40,1,1,9,2884.0,IMAX,1,15.4,15.4
41,1,1,9,,IMAX,3,15.31,45.93
42,1,1,9,,IMAX,3,15.26,45.78
43,1,1,9,,IMAX,1,15.08,15.08
44,1,1,9,,IMAX,2,15.01,30.02
45,1,1,9,,IMAX,1,15.96,15.96
46,1,1,9,,IMAX,1,15.33,15.33
47,1,1,9,,IMAX,2,15.63,31.26
48,1,1,9,,IMAX,1,15.76,15.76
49,1,1,9,3685.0,IMAX,1,15.62,15.62
50,1,1,9,,IMAX,4,15.1,60.4
51,1,1,9,,IMAX,2,15.56,31.12
52,1,1,9,,IMAX,3,15.13,45.39
53,1,1,9,,IMAX,2,15.15,30.3
54,1,1,9,,IMAX,1,15.18,15.18
55,1,1,9,4900.0,IMAX,4,15.58,62.32
56,1,1,9,4318.0,IMAX,2,15.68,31.36
57,1,1,36,,IMAX,3,15.69,47.07
58,1,1,36,,IMAX,2,15.55,31.1
59,1,1,36,,IMAX,3,15.31,45.93
60,1,1,36,,IMAX,2,15.88,31.76
61,1,1,36,3831.0,IMAX,2,15.34,30.68
62,1,1,36,,IMAX,2,15.8,31.6
63,1,1,36,,IMAX,3,15.51,46.53
64,1,1,36,3768.0,IMAX,1,15.76,15.76
65,1,1,36,2630.0,IMAX,1,15.2,15.2
66,1,1,36,1796.0,IMAX,1,15.35,15.35
67,1,1,36,,IMAX,2,15.74,31.48
68,1,1,36,,IMAX,1,15.07,15.07
69,1,1,36,,IMAX,2,15.55,31.1
70,1,1,36,,IMAX,4,15.76,63.04
71,1,1,36,863.0,IMAX,1,15.34,15.34
72,1,1,36,,IMAX,2,15.11,30.22
73,1,1,36,,IMAX,3,15.81,47.43
74,1,1,36,,IMAX,2,15.29,30.58
75,1,1,36,,IMAX,2,15.31,30.62
76,1,1,36,,IMAX,1,15.89,15.89
77,1,1,36,,IMAX,2,15.34,30.68
78,1,1,36,,IMAX,3,15.96,47.88
79,1,1,36,,IMAX,3,15.87,47.61
80,1,2,48,,IMAX,4,15.77,63.08
81,1,2,48,2919.0,IMAX,4,15.27,61.08
82,1,2,48,,IMAX,1,15.02,15.02
83,1,2,48,,IMAX,3,15.89,47.67
84,1,2,48,,IMAX,1,15.46,15.46
85,1,2,48,,IMAX,1,15.8,15.8
86,1,2,48,4827.0,IMAX,2,15.08,30.16
87,1,2,48,866.0,IMAX,4,15.17,60.68
88,1,2,48,2043.0,IMAX,1,15.75,15.75
89,1,2,48,4798.0,IMAX,1,15.76,15.76
90,1,2,48,3604.0,IMAX,1,15.17,15.17
91,1,2,48,,IMAX,2,15.18,30.36
92,1,2,48,1623.0,IMAX,2,15.5,31.0
93,1,2,48,290.0,IMAX,1,15.07,15.07
94,1,2,48,,IMAX,1,15.54,15.54
95,1,2,48,,IMAX,1,15.52,15.52
96,1,2,48,,IMAX,2,15.57,31.14
97,1,2,48,,IMAX,3,15.82,47.46
98,1,2,48,,IMAX,3,15.7,47.1
99,1,2,48,,IMAX,3,15.62,46.86
100,1,2,48,,IMAX,4,15.46,61.84
101,1,2,33,2063.0,IMAX,2,15.81,31.62
102,1,2,33,,IMAX,2,15.86,31.72
103,1,2,33,,IMAX,4,15.84,63.36
104,1,2,33,,IMAX,3,15.07,45.21
105,1,2,33,3983.0,IMAX,1,15.63,15.63
106,1,2,33,494.0,IMAX,2,15.01,30.02
107,1,2,33,,IMAX,4,15.13,60.52
108,1,2,33,,IMAX,2,15.22,30.44
109,1,2,33,3180.0,IMAX,2,15.71,31.42
110,1,2,33,4849.0,IMAX,1,15.66,15.66
111,1,3,15,542.0,IMAX,4,15.16,60.64
112,1,3,15,,IMAX,1,16.0,16.0
113,1,3,15,1689.0,IMAX,3,15.78,47.34
114,1,3,15,1891.0,IMAX,1,15.98,15.98
115,1,3,15,367.0,IMAX,1,15.97,15.97
116,1,3,15,,IMAX,1,15.9,15.9
117,1,3,15,,IMAX,4,15.36,61.44
118,1,3,15,,IMAX,3,15.83,47.49
119,1,3,15,1309.0,IMAX,1,15.79,15.79
120,1,3,15,,IMAX,4,15.72,62.88
121,1,3,15,,IMAX,1,15.62,15.62
122,1,3,15,3793.0,IMAX,1,15.89,15.89
123,1,3,15,,IMAX,2,15.0,30.0
124,1,3,15,,IMAX,4,15.64,62.56
125,1,3,15,,IMAX,1,15.24,15.24
126,1,3,15,2789.0,IMAX,2,15.69,31.38
127,1,3,15,,IMAX,2,15.4,30.8
128,1,3,15,,IMAX,2,15.48,30.96
129,1,3,15,,IMAX,2,15.88,31.76
130,1,3,15,,IMAX,1,15.73,15.73
131,1,3,15,,IMAX,1,15.32,15.32
132,1,3,15,,IMAX,1,15.69,15.69
133,1,3,15,,IMAX,2,15.52,31.04
134,1,3,15,4577.0,IMAX,1,15.09,15.09
135,1,3,15,,IMAX,2,15.27,30.54
136,1,3,15,3747.0,IMAX,1,15.68,15.68
137,1,3,15,,IMAX,2,15.85,31.7
138,1,3,15,667.0,IMAX,1,15.05,15.05
139,1,3,18,626.0,IMAX,1,15.44,15.44
140,1,3,18,,IMAX,2,15.43,30.86
141,1,3,18,1270.0,IMAX,2,15.14,30.28
142,1,3,18,2955.0,IMAX,3,15.41,46.23
143,1,3,18,,IMAX,4,15.87,63.48
144,1,3,18,,IMAX,1,15.54,15.54
145,1,3,18,,IMAX,1,15.77,15.77
146,1,3,18,,IMAX,1,15.87,15.87
147,1,3,18,,IMAX,2,15.93,31.86
148,1,3,18,,IMAX,1,15.07,15.07
149,1,3,18,,IMAX,3,15.97,47.91
150,1,3,18,,IMAX,4,15.31,61.24
151,1,3,18,3084.0,IMAX,2,15.05,30.1
152,1,3,18,,IMAX,1,15.2,15.2
153,1,3,18,,IMAX,2,15.45,30.9
154,1,3,18,3858.0,IMAX,1,15.23,15.23
155,1,3,18,,IMAX,3,15.76,47.28
156,1,3,40,1562.0,IMAX,1,15.23,15.23
157,1,3,40,,IMAX,2,15.93,31.86
158,1,3,40,,IMAX,4,15.46,61.84
159,1,3,40,,IMAX,2,15.19,30.38
160,1,3,40,2557.0,IMAX,1,15.05,15.05
161,1,3,40,,IMAX,4,15.75,63.0
162,1,3,40,,IMAX,1,15.85,15.85
163,1,3,40,,IMAX,2,15.05,30.1
164,1,3,40,4670.0,IMAX,2,15.69,31.38
165,1,3,40,2311.0,IMAX,4,15.72,62.88
166,1,3,40,,IMAX,1,15.08,15.08
167,1,3,40,,IMAX,4,15.84,63.36
168,1,3,40,1717.0,IMAX,1,15.92,15.92
169,1,3,40,1659.0,IMAX,1,15.27,15.27
170,1,3,40,,IMAX,2,15.76,31.52
171,1,3,40,,IMAX,1,15.45,15.45
172,1,3,40,,IMAX,1,15.78,15.78
173,1,3,40,758.0,IMAX,3,15.92,47.76
174,1,3,40,,IMAX,1,15.32,15.32
175,1,3,40,,IMAX,4,15.15,60.6
176,1,3,40,,IMAX,2,15.25,30.5
177,1,3,40,,IMAX,4,15.75,63.0
178,1,3,40,,IMAX,1,15.66,15.66
179,1,3,40,,IMAX,2,15.85,31.7
180,1,3,40,,IMAX,3,15.07,45.21
181,1,3,40,4229.0,IMAX,1,15.82,15.82
182,1,3,40,3788.0,IMAX,1,15.26,15.26
183,1,3,40,1672.0,IMAX,1,15.16,15.16
184,1,4,48,,Normal,1,8.04,8.04
185,1,4,48,2433.0,Normal,3,8.03,24.09
186,1,4,48,,Normal,1,8.54,8.54
187,1,4,48,1487.0,Normal,4,8.96,35.84
188,1,4,48,1841.0,Normal,2,8.37,16.74
189,1,4,48,3598.0,Normal,3,8.04,24.12
190,1,4,48,,Normal,1,8.39,8.39
191,1,4,48,3846.0,Normal,2,8.99,17.98
192,1,4,48,,Normal,2,8.62,17.24
193,1,4,48,,Normal,2,8.1,16.2
194,1,4,48,,Normal,4,8.63,34.52
195,1,4,48,,Normal,3,8.61,25.83
196,1,4,48,,Normal,2,8.46,16.92
197,1,4,48,3140.0,Normal,3,8.59,25.77
198,1,4,48,,Normal,4,8.61,34.44
199,1,4,48,,Normal,2,8.69,17.38
200,1,4,48,,Normal,1,8.15,8.15
201,1,4,48,,Normal,1,8.16,8.16
202,1,4,48,,Normal,2,8.33,16.66
203,1,4,48,,Normal,1,8.78,8.78
204,1,4,48,1243.0,Normal,1,8.36,8.36
205,1,4,48,,Normal,1,8.94,8.94
206,1,4,48,,Normal,4,8.9,35.6
207,1,4,48,,Normal,2,8.55,17.1
208,1,4,48,,Normal,1,8.94,8.94
209,1,4,48,2830.0,Normal,3,8.74,26.22
210,1,4,35,3653.0,Normal,1,8.07,8.07
211,1,4,35,1150.0,Normal,3,8.57,25.71
212,1,4,35,,Normal,1,8.0,8.0
213,1,4,35,,Normal,1,8.98,8.98
214,1,4,35,,Normal,1,8.56,8.56
215,1,4,35,4068.0,Reducida,1,5.92,5.92
216,1,4,35,4877.0,Normal,2,8.18,16.36
217,1,4,35,,Normal,3,8.31,24.93
218,1,4,35,,Normal,4,8.79,35.16
219,1,4,35,,Normal,2,8.93,17.86
220,1,4,35,4819.0,Normal,2,8.24,16.48
221,1,5,10,,IMAX,1,15.32,15.32
222,1,5,10,2743.0,IMAX,4,15.78,63.12
223,1,5,10,,IMAX,4,15.34,61.36
224,1,5,10,,IMAX,2,15.02,30.04
225,1,5,10,,IMAX,1,15.19,15.19
226,1,5,10,,IMAX,3,15.19,45.57
227,1,5,10,1157.0,IMAX,2,15.09,30.18
228,1,5,10,1293.0,IMAX,2,15.22,30.44
229,1,5,10,1864.0,IMAX,1,15.47,15.47
230,1,5,10,,IMAX,3,15.29,45.87
231,1,5,10,,IMAX,4,15.63,62.52
232,1,5,10,,IMAX,2,15.59,31.18
233,1,5,10,,IMAX,2,15.67,31.34
234,1,5,10,,IMAX,4,15.97,63.88
235,1,5,10,,IMAX,3,15.1,45.3
236,1,5,10,,IMAX,2,15.84,31.68
237,1,5,10,,IMAX,2,15.72,31.44
238,1,5,45,,IMAX,1,15.63,15.63
239,1,5,45,,IMAX,1,15.28,15.28
240,1,5,45,,IMAX,2,15.13,30.26
241,1,5,45,,IMAX,1,15.9,15.9
242,1,5,45,3580.0,IMAX,2,15.17,30.34
243,1,5,45,,IMAX,3,15.52,46.56
244,1,5,45,,IMAX,1,15.72,15.72
245,1,5,45,2047.0,IMAX,2,15.42,30.84
246,1,5,45,,IMAX,4,15.29,61.16
247,1,5,45,,IMAX,2,15.54,31.08
248,1,5,45,,IMAX,1,15.57,15.57
249,1,5,45,466.0,IMAX,3,15.41,46.23
250,1,5,45,3935.0,IMAX,1,15.05,15.05
251,1,5,45,778.0,IMAX,2,15.74,31.48
252,1,5,45,,IMAX,3,15.66,46.98
253,1,5,45,1698.0,IMAX,1,15.48,15.48
254,1,5,45,,IMAX,4,15.66,62.64
255,1,5,45,,IMAX,4,15.73,62.92
256,1,5,45,,IMAX,2,15.85,31.7
257,1,5,45,4860.0,IMAX,2,15.72,31.44
258,1,5,45,2861.0,IMAX,1,15.12,15.12
259,1,5,45,,IMAX,1,15.28,15.28
260,1,5,45,,IMAX,4,15.14,60.56
261,1,5,45,,IMAX,3,15.41,46.23
262,1,6,13,,VIP,1,13.55,13.55
263,1,6,13,,Normal,2,8.51,17.02
264,1,6,13,,Normal,3,8.76,26.28
265,1,6,13,,Normal,1,8.82,8.82
266,1,6,13,4933.0,Normal,4,8.42,33.68
267,1,6,13,,VIP,3,13.62,40.86
268,1,6,13,,Reducida,1,6.48,6.48
269,1,6,13,,Normal,3,8.19,24.57
270,1,6,13,3323.0,Reducida,1,6.2,6.2
271,1,6,13,,Normal,4,8.1,32.4
272,1,6,13,,VIP,2,14.29,28.58
273,1,6,13,,Normal,4,8.29,33.16
274,1,6,13,2669.0,Reducida,4,5.88,23.52
275,1,6,13,3146.0,Normal,2,8.4,16.8
276,1,6,13,,Normal,1,8.48,8.48
277,1,6,13,,Normal,2,8.53,17.06
278,1,6,13,,Normal,2,8.93,17.86
279,1,6,13,2079.0,Normal,2,8.34,16.68
280,1,6,13,2524.0,VIP,4,14.06,56.24
281,1,6,13,3588.0,Normal,3,8.55,25.65
282,1,6,13,3390.0,Normal,4,8.11,32.44
283,1,6,13,,Normal,2,8.72,17.44
284,1,6,13,1829.0,Normal,2,8.89,17.78
285,1,6,13,,Normal,2,8.79,17.58
286,1,6,13,4926.0,Normal,2,9.0,18.0
287,1,6,13,,VIP,2,14.01,28.02
288,1,6,13,3931.0,Normal,1,8.4,8.4
289,1,6,13,,VIP,1,13.79,13.79
290,1,6,13,,Normal,3,8.8,26.4
291,1,6,13,,Normal,1,8.09,8.09
292,1,6,13,2737.0,Normal,3,8.12,24.36
293,1,6,13,4500.0,Normal,2,8.98,17.96
294,1,6,13,,Normal,3,8.11,24.33
295,1,6,13,798.0,VIP,4,13.54,54.16
296,1,6,13,,Reducida,2,6.42,12.84
297,1,6,13,,Normal,2,8.31,16.62
298,1,6,13,,VIP,3,13.61,40.83
299,1,6,34,,Normal,2,8.57,17.14
300,1,6,34,,Reducida,2,6.19,12.38
301,1,6,34,,Normal,1,8.22,8.22
302,1,6,34,,Normal,2,8.85,17.7
303,1,6,34,,Normal,3,8.95,26.85
304,1,6,34,4682.0,Normal,4,8.88,35.52
305,1,6,34,,VIP,1,14.17,14.17
306,1,6,34,,Normal,2,8.95,17.9
307,1,6,34,,VIP,1,14.06,14.06
308,1,6,34,,Normal,2,8.37,16.74
309,1,6,34,,Normal,1,8.97,8.97
310,1,6,34,,Normal,4,8.67,34.68
311,1,6,34,,Normal,1,8.63,8.63
312,1,6,34,,Normal,4,8.19,32.76
313,1,6,34,,Reducida,4,5.84,23.36
314,1,6,34,,Normal,1,8.98,8.98
315,1,6,34,,Normal,3,8.05,24.15
316,1,6,34,,Normal,2,8.77,17.54
317,1,6,34,4622.0,Normal,1,8.97,8.97
318,1,6,34,,VIP,2,13.98,27.96
319,1,6,34,2626.0,Normal,1,8.65,8.65
320,1,6,34,,Normal,1,8.87,8.87
321,1,6,34,,Normal,3,8.61,25.83
322,1,6,34,4936.0,Normal,4,8.81,35.24
323,1,6,18,1024.0,Normal,4,8.51,34.04
324,1,6,18,,Normal,1,8.3,8.3
325,1,6,18,,Normal,4,8.54,34.16
326,1,6,18,,Normal,1,8.54,8.54
327,1,6,18,1846.0,Normal,2,8.79,17.58
328,1,6,18,,Normal,2,8.19,16.38
329,1,6,18,,Normal,1,8.07,8.07
330,1,6,18,,Reducida,2,6.07,12.14
331,1,6,18,,Normal,2,8.74,17.48
332,1,6,18,,Normal,2,8.5,17.0
333,1,6,18,1292.0,Normal,3,8.09,24.27
334,1,7,27,,Normal,2,8.99,17.98
335,1,7,27,,Normal,4,8.09,32.36
336,1,7,27,614.0,Normal,2,8.18,16.36
337,1,7,27,,Normal,2,8.54,17.08
338,1,7,27,,Normal,1,8.17,8.17
339,1,7,27,,Normal,2,8.69,17.38
340,1,7,27,,Normal,2,8.38,16.76
341,1,7,27,,Normal,3,8.88,26.64
342,1,7,27,,Normal,2,8.0,16.0
343,1,7,27,,Normal,3,8.65,25.95
344,1,7,27,,Normal,4,8.54,34.16
345,1,7,27,,Normal,2,8.68,17.36
346,1,7,27,,Normal,1,8.89,8.89
347,1,7,27,,Normal,1,8.93,8.93
348,1,7,27,1223.0,Normal,2,8.96,17.92
349,1,7,27,,Normal,1,8.42,8.42
350,1,7,27,4326.0,Normal,3,8.31,24.93
351,1,7,27,974.0,Normal,2,8.3,16.6
352,1,7,27,783.0,Normal,3,8.85,26.55
353,1,7,27,,Normal,2,8.79,17.58
354,1,7,27,,Normal,1,8.32,8.32
355,1,7,27,,Normal,3,8.79,26.37
356,1,7,27,,Normal,1,8.9,8.9
357,1,7,27,,Normal,3,8.53,25.59
358,1,7,27,,Normal,3,8.19,24.57
359,1,7,27,,Normal,1,8.72,8.72
360,1,7,27,,Reducida,1,6.49,6.49
361,1,7,27,,Normal,1,8.77,8.77
362,1,7,27,,Reducida,2,5.64,11.28
363,1,7,27,,Normal,3,8.7,26.1
364,1,7,27,,Normal,2,8.87,17.74
365,1,7,27,,Normal,1,8.2,8.2
366,1,7,27,,Normal,1,8.78,8.78
367,1,7,36,4744.0,Normal,1,8.38,8.38
368,1,7,36,,Normal,3,8.46,25.38
369,1,7,36,,Normal,2,8.49,16.98
370,1,7,36,3939.0,Normal,1,8.98,8.98
371,1,7,36,,Normal,3,8.58,25.74
372,1,7,36,,Normal,1,8.53,8.53
373,1,7,36,3748.0,Normal,1,8.47,8.47
374,1,7,36,3398.0,Normal,1,8.69,8.69
375,1,7,36,,Normal,4,8.5,34.0
376,1,7,36,,Normal,1,8.45,8.45
377,1,7,36,706.0,Normal,2,8.66,17.32
378,1,7,36,,Normal,1,8.8,8.8
379,1,7,36,1943.0,Normal,1,8.19,8.19
380,1,7,36,,Normal,1,8.27,8.27
381,1,7,36,,Normal,1,8.12,8.12
382,1,7,36,,Normal,1,8.39,8.39
383,1,7,36,,Normal,3,8.39,25.17
384,1,7,36,,Normal,1,8.66,8.66
385,1,7,36,,Normal,1,8.1,8.1
386,1,7,36,2208.0,Normal,1,8.9,8.9
387,1,7,36,4949.0,Reducida,2,6.01,12.02
388,1,7,36,,Normal,3,8.4,25.2
389,1,7,36,,Normal,2,8.72,17.44
390,1,7,36,,Normal,2,8.48,16.96
391,1,7,36,,Normal,3,8.2,24.6
392,1,7,36,,Normal,1,8.03,8.03
393,1,8,40,863.0,Normal,2,8.18,16.36
394,1,8,40,,Normal,2,8.75,17.5
395,1,8,40,,Normal,3,8.1,24.3
396,1,8,40,,Normal,2,8.61,17.22
397,1,8,40,3237.0,Normal,1,8.97,8.97
398,1,8,40,,Normal,3,8.38,25.14
399,1,8,40,2530.0,Normal,1,8.02,8.02
400,1,8,40,,Normal,4,8.9,35.6
401,1,8,40,,Normal,4,8.37,33.48
402,1,8,40,295.0,Normal,1,8.7,8.7
403,1,8,40,111.0,Normal,3,8.39,25.17
404,1,8,40,,Normal,1,8.36,8.36
405,1,8,40,1317.0,Reducida,1,6.45,6.45
406,1,8,40,,Normal,1,8.58,8.58
407,1,8,40,,Normal,4,8.15,32.6
408,1,8,40,1824.0,Normal,2,8.9,17.8
409,1,8,40,,Normal,3,8.95,26.85
410,1,8,40,,Normal,4,8.21,32.84
411,1,8,40,4559.0,Normal,4,8.42,33.68
412,1,8,40,,Normal,3,8.94,26.82
413,1,8,40,43.0,Reducida,2,5.78,11.56
414,1,8,40,,Reducida,1,5.99,5.99
415,1,8,40,,Reducida,3,6.48,19.44
416,1,8,40,,Normal,3,8.03,24.09
417,1,8,40,,Normal,2,8.88,17.76
418,1,8,40,,Normal,2,8.7,17.4
419,1,8,40,,Normal,1,8.78,8.78
420,1,8,40,,Normal,1,8.25,8.25
421,1,8,40,,Normal,2,8.26,16.52
422,1,8,40,,Normal,1,8.01,8.01
423,1,8,40,,Normal,4,8.89,35.56
424,1,8,40,2910.0,Normal,4,8.81,35.24
425,1,8,40,4911.0,Normal,4,8.12,32.48
426,1,8,32,,Normal,2,8.4,16.8
427,1,8,32,,Normal,4,8.01,32.04
428,1,8,32,,Normal,1,8.4,8.4
429,1,8,32,4175.0,Normal,1,8.22,8.22
430,1,8,32,,Normal,1,8.14,8.14
431,1,8,32,4603.0,Normal,3,8.99,26.97
432,1,8,32,,Normal,1,8.41,8.41
433,1,8,32,,Normal,3,8.01,24.03
434,1,8,32,2049.0,Normal,1,8.53,8.53
435,1,8,32,,Normal,2,8.95,17.9
436,1,8,32,,Normal,2,8.79,17.58
437,1,8,32,,Normal,2,8.76,17.52
438,1,8,32,,Normal,2,8.12,16.24
439,1,8,32,,Normal,3,8.7,26.1
440,1,8,32,2238.0,Reducida,1,6.36,6.36
441,1,8,32,,Normal,3,8.89,26.67
442,1,8,32,,Normal,2,8.38,16.76
443,1,8,32,,Normal,1,8.42,8.42
444,1,8,32,,Normal,2,8.59,17.18
445,1,8,32,832.0,Normal,1,8.62,8.62
446,1,8,32,3585.0,Normal,1,8.15,8.15
447,1,8,32,,Normal,1,8.9,8.9
448,1,8,32,638.0,Normal,2,8.72,17.44
449,1,8,14,160.0,Normal,2,8.93,17.86
450,1,8,14,,Normal,2,8.69,17.38
451,1,8,14,,Normal,2,8.65,17.3
452,1,8,14,4312.0,Reducida,3,5.7,17.1
453,1,8,14,4481.0,Normal,1,8.84,8.84
454,1,8,14,3826.0,Reducida,2,5.85,11.7
455,1,8,14,,Normal,1,8.91,8.91
456,1,8,14,,Normal,1,8.39,8.39
457,1,8,14,,Normal,2,8.93,17.86
458,1,8,14,,Normal,1,8.21,8.21
459,1,8,14,,Normal,4,8.18,32.72
460,1,8,14,1185.0,Normal,1,8.66,8.66
461,1,8,14,1264.0,Normal,3,8.89,26.67
462,1,8,14,,Normal,1,8.41,8.41
463,1,8,14,4517.0,Normal,2,8.08,16.16
464,1,8,14,,Normal,1,8.22,8.22
465,1,8,14,,Normal,1,8.15,8.15
466,1,8,43,,Normal,3,8.96,26.88
467,1,8,43,,Normal,4,8.28,33.12
468,1,8,43,,Normal,1,8.33,8.33
469,1,8,43,,Normal,2,8.19,16.38
470,1,8,43,1489.0,Normal,2,8.18,16.36
471,1,8,43,,Normal,2,8.53,17.06
472,1,8,43,,Normal,1,8.7,8.7
473,1,8,43,,Reducida,4,5.79,23.16
474,1,8,43,339.0,Normal,3,8.54,25.62
475,1,8,43,1323.0,Reducida,1,6.49,6.49
476,1,8,43,1957.0,Normal,2,8.69,17.38
477,1,8,43,,Reducida,3,5.91,17.73
478,1,9,12,2104.0,IMAX,1,15.35,15.35
479,1,9,12,,IMAX,2,15.92,31.84
480,1,9,12,,IMAX,1,15.88,15.88
481,1,9,12,,IMAX,1,16.0,16.0
482,1,9,12,,IMAX,1,15.35,15.35
483,1,9,12,,IMAX,2,15.23,30.46
484,1,9,12,,IMAX,2,15.13,30.26
485,1,9,12,1313.0,IMAX,4,15.1,60.4
486,1,9,12,,IMAX,1,15.72,15.72
487,1,9,12,,IMAX,1,15.57,15.57
488,1,9,12,,IMAX,2,15.86,31.72
489,1,9,12,,IMAX,4,15.88,63.52
490,1,9,12,25.0,IMAX,4,15.08,60.32
491,1,9,12,,IMAX,1,15.41,15.41
492,1,9,12,,IMAX,4,15.52,62.08
493,1,9,12,,IMAX,1,15.69,15.69
494,1,9,12,,IMAX,3,15.89,47.67
495,1,9,12,,IMAX,2,15.27,30.54
496,1,9,12,,IMAX,4,15.43,61.72
497,1,9,12,2687.0,IMAX,1,16.0,16.0
498,1,9,12,,IMAX,3,15.83,47.49
499,1,9,34,,IMAX,2,15.28,30.56
500,1,9,34,,IMAX,1,15.83,15.83
501,1,9,34,150.0,IMAX,2,15.46,30.92
502,1,9,34,1911.0,IMAX,2,15.36,30.72
503,1,9,34,,IMAX,2,15.8,31.6
504,1,9,34,3672.0,IMAX,2,15.03,30.06
505,1,9,34,,IMAX,2,15.07,30.14
506,1,9,34,687.0,IMAX,2,15.83,31.66
507,1,9,34,,IMAX,1,15.53,15.53
508,1,9,34,,IMAX,3,15.16,45.48
509,1,9,34,,IMAX,3,15.89,47.67
510,1,9,34,,IMAX,1,15.68,15.68
511,1,9,34,,IMAX,1,15.44,15.44
512,1,9,34,,IMAX,2,15.93,31.86
513,1,9,34,,IMAX,3,15.63,46.89
514,1,9,34,,IMAX,4,15.12,60.48
515,1,9,34,4729.0,IMAX,1,15.13,15.13
516,1,9,32,,IMAX,4,15.58,62.32
517,1,9,32,,IMAX,2,15.95,31.9
518,1,9,32,1878.0,IMAX,3,15.36,46.08
519,1,9,32,,IMAX,3,15.58,46.74
520,1,9,32,,IMAX,1,15.66,15.66
521,1,9,32,,IMAX,2,15.4,30.8
522,1,9,32,,IMAX,2,15.76,31.52
523,1,9,32,,IMAX,3,15.84,47.52
524,1,9,32,,IMAX,3,15.15,45.45
525,1,9,32,2051.0,IMAX,2,15.92,31.84
526,1,9,32,,IMAX,2,15.5,31.0
527,1,9,32,3916.0,IMAX,3,15.98,47.94
528,1,9,32,210.0,IMAX,2,15.53,31.06
529,1,9,32,3123.0,IMAX,1,15.61,15.61
530,1,9,32,,IMAX,3,15.62,46.86
531,1,9,32,,IMAX,1,15.1,15.1
532,1,9,32,,IMAX,2,15.34,30.68
533,1,9,32,,IMAX,2,15.35,30.7
534,1,9,32,,IMAX,1,15.39,15.39
535,1,10,44,864.0,3D,1,12.47,12.47
536,1,10,44,2740.0,3D,1,12.06,12.06
537,1,10,44,3169.0,3D,3,11.91,35.73
538,1,10,44,1417.0,3D,4,11.72,46.88
539,1,10,44,,3D,2,11.85,23.7
540,1,10,44,,3D,3,11.55,34.65
541,1,10,44,,3D,1,12.13,12.13
542,1,10,44,,3D,1,11.56,11.56
543,1,10,43,,3D,2,11.97,23.94
544,1,10,43,,3D,4,12.23,48.92
545,1,10,43,,3D,2,11.9,23.8
546,1,10,43,,3D,2,12.22,24.44
547,1,10,43,,3D,2,11.65,23.3
548,1,10,43,3327.0,3D,3,12.15,36.45
549,1,10,43,,3D,2,12.02,24.04
550,1,11,33,,VIP,4,14.23,56.92
551,1,11,33,1182.0,Normal,2,8.21,16.42
552,1,11,33,,Normal,1,8.78,8.78
553,1,11,33,,Normal,1,8.7,8.7
554,1,11,33,,Reducida,2,6.4,12.8
555,1,11,33,,Normal,3,8.46,25.38
556,1,11,33,,Normal,1,8.67,8.67
557,1,11,33,,Normal,4,8.53,34.12
558,1,11,33,,Normal,4,8.88,35.52
559,1,11,33,,Normal,3,8.37,25.11
560,1,11,33,,VIP,3,13.52,40.56
561,1,11,33,4042.0,Normal,1,8.54,8.54
562,1,11,33,449.0,Normal,2,8.88,17.76
563,1,11,33,2817.0,Normal,1,8.4,8.4
564,1,11,33,,Normal,4,8.37,33.48
565,1,11,33,3296.0,VIP,4,13.88,55.52
566,1,11,33,,Normal,4,8.67,34.68
567,1,11,33,,Reducida,4,6.05,24.2
568,1,11,33,,Reducida,4,6.46,25.84
569,1,11,33,,Normal,1,8.85,8.85
570,1,11,33,,Normal,1,8.11,8.11
571,1,11,42,1201.0,Normal,4,8.19,32.76
572,1,11,42,,VIP,2,13.93,27.86
573,1,11,42,,VIP,1,14.03,14.03
574,1,11,42,,Normal,3,8.03,24.09
575,1,11,42,,Normal,4,8.98,35.92
576,1,11,42,,Normal,3,8.54,25.62
577,1,11,42,315.0,Normal,1,8.27,8.27
578,1,11,29,,Normal,2,8.58,17.16
579,1,11,29,,Normal,4,8.54,34.16
580,1,11,29,,Normal,2,8.21,16.42
581,1,11,29,,Normal,2,8.07,16.14
582,1,11,29,2748.0,VIP,2,13.63,27.26
583,1,11,29,,Normal,2,8.22,16.44
584,1,11,29,4408.0,Normal,2,8.39,16.78
585,1,11,29,,Normal,4,8.45,33.8
586,1,11,29,,Normal,2,8.42,16.84
587,1,11,29,,Normal,2,8.68,17.36
588,1,11,29,,Normal,1,8.2,8.2
589,1,11,29,3752.0,Normal,1,8.86,8.86
590,1,11,29,,Normal,3,8.04,24.12
591,1,11,29,3604.0,Reducida,1,6.03,6.03
592,1,12,3,,3D,1,12.11,12.11
593,1,12,3,,3D,3,12.01,36.03
594,1,12,3,3908.0,3D,3,11.57,34.71
595,1,12,3,,3D,4,11.75,47.0
596,1,12,3,,3D,1,12.06,12.06
597,1,12,3,,3D,3,12.19,36.57
598,1,12,3,2430.0,3D,2,12.5,25.0
599,1,12,3,3140.0,3D,3,11.92,35.76
600,1,12,3,,3D,3,12.37,37.11
601,1,12,3,,3D,1,12.0,12.0
602,1,12,3,3334.0,3D,2,12.11,24.22
603,1,12,3,,3D,3,12.17,36.51
604,1,12,3,,3D,4,11.54,46.16
605,1,12,3,3262.0,3D,3,11.86,35.58
606,1,12,3,,3D,2,12.05,24.1
607,1,12,3,,3D,1,12.44,12.44
608,1,12,3,4662.0,3D,2,12.07,24.14
609,1,12,3,1102.0,3D,2,11.58,23.16
610,1,12,3,,3D,2,12.07,24.14
611,1,12,3,1048.0,3D,2,11.77,23.54
612,1,12,3,,3D,2,12.14,24.28
613,1,12,3,,3D,3,11.68,35.04
614,1,12,3,1861.0,3D,3,12.15,36.45
615,1,12,23,,3D,2,12.23,24.46
616,1,12,23,,3D,4,11.88,47.52
617,1,12,23,,3D,2,12.47,24.94
618,1,12,23,,3D,1,12.14,12.14
619,1,12,23,,3D,1,11.95,11.95
620,1,12,23,3502.0,3D,2,12.28,24.56
621,1,12,23,,3D,1,11.53,11.53
622,1,12,23,903.0,3D,1,11.94,11.94
623,1,12,23,,3D,3,12.2,36.6
624,1,12,23,,3D,2,11.53,23.06
625,1,12,23,,3D,2,11.68,23.36
626,1,12,23,1860.0,3D,2,11.62,23.24
627,1,12,23,,3D,4,11.95,47.8
628,1,12,23,,3D,2,11.58,23.16
629,1,12,23,,3D,2,11.8,23.6
630,1,12,23,1017.0,3D,4,11.97,47.88
631,1,12,23,,3D,3,11.57,34.71
632,1,12,23,876.0,3D,4,11.95,47.8
633,1,12,23,,3D,1,11.56,11.56
634,1,12,23,,3D,4,11.61,46.44
635,1,12,23,,3D,1,11.97,11.97
636,1,12,23,,3D,4,12.47,49.88
637,1,12,23,2530.0,3D,4,11.53,46.12
638,1,12,23,2060.0,3D,2,12.19,24.38
639,1,12,23,2895.0,3D,1,11.87,11.87
640,1,12,23,,3D,3,11.71,35.13
641,1,12,23,,3D,1,11.91,11.91
642,1,12,23,,3D,3,11.94,35.82
643,1,12,23,,3D,1,11.63,11.63
644,1,12,23,,3D,2,11.7,23.4
645,1,12,23,,3D,1,12.5,12.5
646,1,12,23,,3D,1,12.21,12.21
647,1,12,23,,3D,3,11.78,35.34
648,1,12,23,,3D,1,11.71,11.71
649,1,13,2,,Normal,3,9.0,27.0
650,1,13,2,685.0,Normal,3,8.44,25.32
651,1,13,2,63.0,Normal,4,8.95,35.8
652,1,13,2,,Normal,2,8.03,16.06
653,1,13,2,,Normal,1,8.36,8.36
654,1,13,2,,Normal,2,8.83,17.66
655,1,13,2,,Normal,1,8.18,8.18
656,1,13,2,664.0,Normal,2,8.92,17.84
657,1,13,2,162.0,Normal,2,8.36,16.72
658,1,13,2,4542.0,Normal,2,8.54,17.08
659,1,13,2,,Normal,4,8.97,35.88
660,1,13,2,,Normal,4,8.69,34.76
661,1,13,2,,Reducida,3,6.46,19.38
662,1,13,2,,Normal,2,8.38,16.76
663,1,13,2,,Reducida,1,6.49,6.49
664,1,13,2,,Normal,1,8.03,8.03
665,1,13,2,223.0,Normal,2,8.75,17.5
666,1,13,2,2729.0,Normal,1,8.64,8.64
667,1,13,2,,Normal,3,8.7,26.1
668,1,13,2,,Reducida,2,5.93,11.86
669,1,13,2,42.0,Normal,2,8.99,17.98
670,1,13,2,,Normal,4,8.14,32.56
671,1,13,2,,Normal,4,8.93,35.72
672,1,13,2,,Normal,1,8.99,8.99
673,1,13,2,,Normal,2,8.19,16.38
674,1,13,2,,Reducida,3,6.16,18.48
675,1,13,2,,Normal,2,8.69,17.38
676,1,13,2,4940.0,Normal,1,8.66,8.66
677,1,13,2,,Normal,1,8.29,8.29
678,1,13,2,,Normal,3,8.4,25.2
679,1,13,2,,Normal,2,8.15,16.3
680,1,13,2,,Normal,1,8.53,8.53
681,1,13,2,1572.0,Normal,4,8.75,35.0
682,1,13,2,,Normal,1,8.32,8.32
683,1,13,2,,Normal,1,8.08,8.08
684,1,13,2,,Normal,4,8.98,35.92
685,1,13,2,,Normal,1,8.37,8.37
686,1,13,2,,Normal,1,8.7,8.7
687,1,13,2,,Normal,3,8.34,25.02
688,1,13,2,3495.0,Normal,1,8.57,8.57
689,1,13,2,,Normal,1,8.23,8.23
690,1,13,2,,Normal,1,8.91,8.91
691,1,13,2,,Normal,1,8.63,8.63
692,1,13,2,,Normal,1,8.08,8.08
693,1,13,1,,Normal,2,8.55,17.1
694,1,13,1,2239.0,Reducida,1,5.69,5.69
695,1,13,1,,Normal,1,8.69,8.69
696,1,13,1,1773.0,Normal,3,8.41,25.23
697,1,13,1,,Normal,1,8.07,8.07
698,1,13,1,,Normal,1,8.77,8.77
699,1,13,1,,Normal,1,8.11,8.11
700,1,13,1,3289.0,Normal,2,8.09,16.18
701,1,13,1,,Normal,3,8.01,24.03
702,1,13,1,4220.0,Normal,2,8.39,16.78
703,1,13,1,2006.0,Normal,2,8.46,16.92
704,1,13,1,,Normal,4,8.7,34.8
705,1,13,1,,Normal,2,8.94,17.88
706,1,13,1,1441.0,Normal,1,8.31,8.31
707,1,13,1,,Normal,2,8.92,17.84
708,1,13,1,,Normal,2,8.31,16.62
709,1,13,1,3133.0,Normal,1,8.32,8.32
710,1,13,1,,Normal,3,8.66,25.98
711,1,13,1,,Normal,2,8.94,17.88
712,1,13,1,2007.0,Normal,1,8.4,8.4
713,1,13,1,,Normal,1,8.71,8.71
714,1,13,1,,Normal,1,8.66,8.66
715,1,13,1,1848.0,Normal,1,8.8,8.8
716,1,14,31,133.0,VIP,4,13.64,54.56
717,1,14,31,,Normal,2,8.4,16.8
718,1,14,31,,Normal,2,8.45,16.9
719,1,14,31,,Normal,1,8.94,8.94
720,1,14,31,,Normal,4,8.81,35.24
721,1,14,31,,Reducida,1,5.7,5.7
722,1,14,31,,VIP,2,13.79,27.58
723,1,14,31,,Reducida,1,5.79,5.79
724,1,14,31,,Reducida,2,6.0,12.0
725,1,14,31,,Normal,1,8.04,8.04
726,1,14,31,,Reducida,3,6.29,18.87
727,1,14,31,,VIP,2,14.26,28.52
728,1,14,31,,Normal,1,8.88,8.88
729,1,14,31,,Normal,2,8.22,16.44
730,1,14,31,2880.0,Normal,2,8.57,17.14
731,1,14,16,2057.0,Normal,2,8.61,17.22
732,1,14,16,2468.0,Normal,2,8.96,17.92
733,1,14,16,,Normal,2,8.69,17.38
734,1,14,16,1646.0,VIP,1,13.64,13.64
735,1,14,16,639.0,VIP,2,14.27,28.54
736,1,14,16,,VIP,1,13.73,13.73
737,1,14,16,4431.0,VIP,3,14.18,42.54
738,1,14,16,,Normal,1,8.34,8.34
739,1,14,16,5000.0,VIP,1,14.31,14.31
740,1,14,16,,Normal,2,8.62,17.24
741,1,14,16,,Normal,2,8.31,16.62
742,1,14,16,,Normal,3,8.37,25.11
743,1,15,43,,IMAX,3,15.02,45.06
744,1,15,43,,IMAX,2,15.18,30.36
745,1,15,43,,IMAX,3,15.87,47.61
746,1,15,43,,IMAX,2,15.83,31.66
747,1,15,43,852.0,IMAX,2,15.01,30.02
748,1,15,43,,IMAX,2,15.29,30.58
749,1,15,43,,IMAX,1,15.35,15.35
750,1,15,43,,IMAX,2,15.5,31.0
751,1,15,43,,IMAX,3,15.74,47.22
752,1,15,43,676.0,IMAX,2,15.33,30.66
753,1,15,43,3248.0,IMAX,2,15.2,30.4
754,1,15,43,3748.0,IMAX,2,15.46,30.92
755,1,15,43,1380.0,IMAX,3,15.44,46.32
756,1,15,43,4966.0,IMAX,3,15.93,47.79
757,1,15,43,1315.0,IMAX,3,15.88,47.64
758,1,15,43,2705.0,IMAX,2,15.49,30.98
759,1,15,43,,IMAX,1,15.97,15.97
760,1,15,43,,IMAX,1,15.88,15.88
761,1,15,43,4262.0,IMAX,1,15.55,15.55
762,1,15,43,,IMAX,3,15.77,47.31
763,1,15,43,3880.0,IMAX,1,15.95,15.95
764,1,15,43,,IMAX,1,15.98,15.98
765,1,15,43,4501.0,IMAX,1,15.57,15.57
766,1,15,43,,IMAX,2,15.54,31.08
767,1,15,43,,IMAX,1,15.93,15.93
768,1,15,43,,IMAX,3,15.29,45.87
769,1,15,43,,IMAX,1,15.87,15.87
770,1,15,43,,IMAX,1,15.57,15.57
771,1,15,29,,IMAX,1,15.39,15.39
772,1,15,29,,IMAX,1,15.11,15.11
773,1,15,29,,IMAX,1,15.75,15.75
774,1,15,29,3650.0,IMAX,3,15.97,47.91
775,1,15,29,,IMAX,4,15.04,60.16
776,1,15,29,,IMAX,1,15.99,15.99
777,1,15,29,,IMAX,4,15.49,61.96
778,1,15,29,,IMAX,1,15.66,15.66
779,1,15,29,,IMAX,1,15.21,15.21
780,1,15,29,,IMAX,2,15.77,31.54
781,1,15,29,,IMAX,1,15.58,15.58
782,1,15,29,3727.0,IMAX,4,15.74,62.96
783,1,15,29,,IMAX,2,15.26,30.52
784,1,15,46,,IMAX,1,15.62,15.62
785,1,15,46,2907.0,IMAX,2,15.02,30.04
786,1,15,46,,IMAX,2,15.82,31.64
787,1,15,46,1154.0,IMAX,1,15.28,15.28
788,1,15,46,,IMAX,2,15.27,30.54
789,1,15,46,,IMAX,1,15.88,15.88
790,1,15,46,,IMAX,4,15.41,61.64
791,1,15,46,1509.0,IMAX,1,15.99,15.99
792,1,15,46,,IMAX,3,15.71,47.13
793,1,15,46,,IMAX,4,15.69,62.76
794,1,15,46,3220.0,IMAX,2,15.44,30.88
795,1,15,46,4215.0,IMAX,1,15.57,15.57
796,1,15,30,1258.0,IMAX,1,15.05,15.05
797,1,15,30,,IMAX,1,15.47,15.47
798,1,15,30,2748.0,IMAX,1,15.3,15.3
799,1,15,30,4036.0,IMAX,4,15.91,63.64
800,1,15,30,,IMAX,1,15.38,15.38
801,1,15,30,3341.0,IMAX,1,15.65,15.65
802,1,15,30,621.0,IMAX,1,15.94,15.94
803,1,15,30,,IMAX,2,15.89,31.78
804,1,16,3,1523.0,Normal,2,8.25,16.5
805,1,16,3,,Normal,2,8.88,17.76
806,1,16,3,,Normal,1,8.05,8.05
807,1,16,3,,Normal,2,8.77,17.54
808,1,16,3,,Normal,1,8.98,8.98
809,1,16,3,,Normal,2,8.59,17.18
810,1,16,3,,Normal,1,8.13,8.13
811,1,16,3,,Normal,3,8.36,25.08
812,1,16,3,3098.0,Normal,4,8.95,35.8
813,1,16,3,,Normal,2,8.28,16.56
814,1,16,3,,Normal,4,8.45,33.8
815,1,16,3,,Normal,1,8.2,8.2
816,1,16,3,,Normal,2,8.85,17.7
817,1,16,3,1425.0,Normal,2,8.1,16.2
818,1,16,3,,Normal,1,8.32,8.32
819,1,16,3,,Normal,1,8.41,8.41
820,1,16,3,,Normal,2,8.34,16.68
821,1,16,3,,Normal,1,8.27,8.27
822,1,16,3,,Normal,3,8.91,26.73
823,1,16,3,,Normal,4,8.65,34.6
824,1,16,3,,Normal,2,8.14,16.28
825,1,16,3,555.0,Normal,1,8.9,8.9
826,1,16,36,3625.0,Normal,2,8.39,16.78
827,1,16,36,,Normal,2,8.11,16.22
828,1,16,36,4465.0,Normal,1,8.91,8.91
829,1,16,36,,Normal,4,8.43,33.72
830,1,16,36,,Normal,1,8.29,8.29
831,1,16,36,108.0,Normal,4,8.94,35.76
832,1,16,36,2767.0,Normal,3,8.17,24.51
833,1,16,36,,Normal,2,8.99,17.98
834,1,16,36,790.0,Normal,2,8.12,16.24
835,1,16,36,,Normal,2,8.52,17.04
836,1,16,36,,Normal,4,8.26,33.04
837,1,16,36,2888.0,Normal,1,8.39,8.39
838,1,16,36,,Normal,3,8.15,24.45
839,1,16,36,,Normal,2,8.12,16.24
840,1,17,28,,3D,4,12.0,48.0
841,1,17,28,,3D,1,12.1,12.1
842,1,17,28,,3D,1,12.28,12.28
843,1,17,28,,3D,3,11.8,35.4
844,1,17,28,,3D,2,12.18,24.36
845,1,17,28,4495.0,3D,1,11.83,11.83
846,1,17,28,,3D,4,11.66,46.64
847,1,17,28,1124.0,3D,1,11.66,11.66
848,1,17,28,,3D,2,12.49,24.98
849,1,17,28,360.0,3D,2,11.62,23.24
850,1,17,28,,3D,3,12.08,36.24
851,1,17,28,,3D,4,11.84,47.36
852,1,17,28,,3D,2,12.34,24.68
853,1,17,28,,3D,1,12.43,12.43
854,1,17,28,,3D,2,11.93,23.86
855,1,17,28,,3D,1,11.65,11.65
856,1,17,28,,3D,1,11.81,11.81
857,1,17,28,2810.0,3D,2,11.84,23.68
858,1,17,28,,3D,1,11.97,11.97
859,1,17,28,,3D,3,11.74,35.22
860,1,17,28,2017.0,3D,1,12.07,12.07
861,1,17,28,,3D,2,12.13,24.26
862,1,17,28,,3D,3,11.76,35.28
863,1,17,47,,3D,2,12.05,24.1
864,1,17,47,,3D,2,12.05,24.1
865,1,17,47,,3D,1,12.25,12.25
866,1,17,47,,3D,1,11.52,11.52
867,1,17,47,,3D,2,11.53,23.06
868,1,17,47,,3D,4,12.49,49.96
869,1,17,47,,3D,1,11.55,11.55
870,1,17,47,2744.0,3D,3,12.23,36.69
871,1,17,47,1419.0,3D,4,12.01,48.04
872,1,17,47,,3D,1,12.41,12.41
873,1,17,47,,3D,2,11.9,23.8
874,1,17,23,3723.0,3D,1,12.24,12.24
875,1,17,23,,3D,1,11.66,11.66
876,1,17,23,,3D,3,12.32,36.96
877,1,17,23,,3D,2,11.94,23.88
878,1,17,23,,3D,3,11.88,35.64
879,1,17,23,,3D,1,12.02,12.02
880,1,17,23,,3D,3,12.27,36.81
881,1,17,23,2599.0,3D,4,12.46,49.84
882,1,17,23,,3D,2,11.97,23.94
883,1,17,23,1606.0,3D,1,11.73,11.73
884,1,17,23,,3D,2,12.45,24.9
885,1,17,23,,3D,2,11.65,23.3
886,1,17,23,,3D,1,11.99,11.99
887,1,17,23,1566.0,3D,2,11.95,23.9
888,1,17,23,,3D,2,12.45,24.9
889,1,17,23,,3D,1,11.58,11.58
890,1,18,45,,IMAX,1,15.17,15.17
891,1,18,45,125.0,IMAX,2,15.72,31.44
892,1,18,45,,IMAX,4,15.49,61.96
893,1,18,45,,IMAX,2,15.66,31.32
894,1,18,45,1124.0,IMAX,4,15.29,61.16
895,1,18,45,,IMAX,1,15.72,15.72
896,1,18,45,,IMAX,4,15.74,62.96
897,1,18,45,,IMAX,2,15.32,30.64
898,1,18,45,976.0,IMAX,2,15.23,30.46
899,1,18,45,,IMAX,2,15.37,30.74
900,1,18,45,2073.0,IMAX,3,15.81,47.43
901,1,18,45,,IMAX,2,15.53,31.06
902,1,18,45,,IMAX,1,15.92,15.92
903,1,18,45,,IMAX,1,15.43,15.43
904,1,18,45,,IMAX,1,15.11,15.11
905,1,18,45,,IMAX,2,15.74,31.48
906,1,18,45,750.0,IMAX,2,15.51,31.02
907,1,18,45,3996.0,IMAX,2,15.8,31.6
908,1,18,26,,IMAX,3,15.56,46.68
909,1,18,26,,IMAX,2,15.09,30.18
910,1,18,26,,IMAX,2,15.65,31.3
911,1,18,26,,IMAX,2,15.4,30.8
912,1,18,26,,IMAX,1,15.5,15.5
913,1,18,26,,IMAX,3,15.61,46.83
914,1,18,26,,IMAX,2,15.04,30.08
915,1,18,26,3111.0,IMAX,4,15.15,60.6
916,1,18,5,,IMAX,1,15.83,15.83
917,1,18,5,,IMAX,3,15.83,47.49
918,1,18,5,,IMAX,2,15.69,31.38
919,1,18,5,,IMAX,1,15.53,15.53
920,1,18,5,,IMAX,1,15.21,15.21
921,1,18,5,1290.0,IMAX,3,15.08,45.24
922,1,18,5,,IMAX,1,15.77,15.77
923,1,19,20,,VIP,2,14.35,28.7
924,1,19,20,,Normal,1,8.94,8.94
925,1,19,20,,Normal,3,8.43,25.29
926,1,19,20,,Normal,1,8.8,8.8
927,1,19,20,,Normal,1,8.07,8.07
928,1,19,20,,VIP,2,13.87,27.74
929,1,19,20,,Normal,1,8.06,8.06
930,1,19,20,,Reducida,2,5.57,11.14
931,1,19,20,,Normal,2,8.16,16.32
932,1,19,20,3203.0,Normal,1,8.98,8.98
933,1,19,20,,VIP,4,13.67,54.68
934,1,19,20,,Normal,3,8.97,26.91
935,1,19,20,,VIP,1,13.62,13.62
936,1,19,20,,Normal,1,8.78,8.78
937,1,19,20,2766.0,Normal,2,8.16,16.32
938,1,19,20,2911.0,Normal,3,8.7,26.1
939,1,19,20,,VIP,3,13.61,40.83
940,1,19,20,,Normal,1,8.1,8.1
941,1,19,20,358.0,Normal,2,8.29,16.58
942,1,19,20,,Normal,1,8.09,8.09
943,1,19,20,,VIP,1,14.31,14.31
944,1,19,20,,VIP,4,13.54,54.16
945,1,19,20,,Normal,1,8.8,8.8
946,1,19,20,,Normal,2,8.39,16.78
947,1,19,20,,Normal,2,8.6,17.2
948,1,19,20,,Normal,1,8.3,8.3
949,1,19,20,,Normal,1,8.14,8.14
950,1,19,20,621.0,Normal,1,8.76,8.76
951,1,19,20,1500.0,Normal,4,8.65,34.6
952,1,19,20,,VIP,1,14.49,14.49
953,1,19,20,,Reducida,4,6.31,25.24
954,1,19,20,3719.0,Normal,3,8.0,24.0
955,1,19,20,,Normal,1,8.35,8.35
956,1,19,20,4045.0,Normal,2,8.64,17.28
957,1,19,22,,VIP,1,14.03,14.03
958,1,19,22,,Normal,2,8.8,17.6
959,1,19,22,,Reducida,2,6.33,12.66
960,1,19,22,1424.0,Normal,2,8.46,16.92
961,1,19,22,606.0,Normal,2,8.72,17.44
962,1,19,22,,Normal,3,8.17,24.51
963,1,19,22,,Normal,2,8.85,17.7
964,1,19,22,2662.0,Reducida,1,5.79,5.79
965,1,19,22,,Normal,2,8.67,17.34
966,1,19,22,,Normal,4,8.38,33.52
967,1,19,22,,Normal,4,8.63,34.52
968,1,19,22,,VIP,1,13.67,13.67
969,1,19,22,4307.0,Reducida,1,5.69,5.69
970,1,19,22,,Normal,2,8.98,17.96
971,1,19,22,,VIP,4,14.43,57.72
972,1,19,22,,VIP,2,13.69,27.38
973,1,19,22,479.0,VIP,1,13.9,13.9
974,1,19,22,1703.0,Normal,3,8.38,25.14
975,1,19,22,3591.0,VIP,1,13.88,13.88
976,1,19,22,,VIP,2,14.37,28.74
977,1,19,22,,Normal,2,8.6,17.2
978,1,19,22,,Normal,3,8.85,26.55
979,1,19,22,,Normal,2,8.08,16.16
980,1,19,22,,Normal,1,8.49,8.49
981,1,19,22,,Normal,4,8.02,32.08
982,1,19,22,,Normal,1,8.5,8.5
983,1,19,22,,VIP,3,13.79,41.37
984,1,19,22,,Normal,2,8.25,16.5
985,1,19,22,2078.0,Normal,3,8.44,25.32
986,1,19,22,,Normal,4,8.43,33.72
987,1,19,22,4020.0,Normal,1,8.47,8.47
988,1,19,22,2673.0,VIP,2,14.32,28.64
989,1,19,22,4224.0,VIP,1,14.33,14.33
990,1,19,22,,Normal,3,8.78,26.34
991,1,20,17,,VIP,2,13.77,27.54
992,1,20,17,,VIP,1,14.24,14.24
993,1,20,17,,Normal,2,8.99,17.98
994,1,20,17,,VIP,1,14.34,14.34
995,1,20,17,4290.0,Normal,4,8.27,33.08
996,1,20,17,,VIP,1,14.22,14.22
997,1,20,17,,Normal,2,8.98,17.96
998,1,20,17,1624.0,Normal,2,8.75,17.5
999,1,20,17,,Normal,1,8.11,8.11
1000,1,20,17,,Normal,2,8.39,16.78
1001,1,20,17,,Normal,4,8.07,32.28
1002,1,20,17,3973.0,VIP,4,13.65,54.6
1003,1,20,17,,Reducida,1,5.58,5.58
1004,1,20,17,,Normal,1,8.49,8.49
1005,1,20,31,,Normal,1,8.45,8.45
1006,1,20,31,,Normal,1,8.95,8.95
1007,1,20,31,,Normal,1,8.13,8.13
1008,1,20,31,,Normal,4,8.33,33.32
1009,1,20,31,,Normal,2,8.33,16.66
1010,1,20,31,,Normal,2,9.0,18.0
1011,1,20,31,599.0,Normal,1,8.93,8.93
1012,1,20,31,992.0,Normal,1,8.93,8.93
1013,1,20,31,,Reducida,2,5.6,11.2
1014,1,20,31,,Normal,3,8.94,26.82
1015,1,20,31,,VIP,1,13.89,13.89
1016,1,20,47,,Normal,2,8.9,17.8
1017,1,20,47,,Normal,2,8.63,17.26
1018,1,20,47,,Normal,1,8.25,8.25
1019,1,20,47,,Normal,4,8.49,33.96
1020,1,20,47,1291.0,Normal,1,8.45,8.45
1021,1,20,47,,Normal,1,8.94,8.94
1022,1,20,47,,Normal,2,8.93,17.86
1023,1,20,47,,VIP,2,13.58,27.16
1024,1,20,47,,Normal,2,8.84,17.68
1025,1,21,29,966.0,Normal,1,8.82,8.82
1026,1,21,29,,Normal,3,8.26,24.78
1027,1,21,29,,Normal,2,8.17,16.34
1028,1,21,29,,Normal,1,8.46,8.46
1029,1,21,29,462.0,Normal,1,8.58,8.58
1030,1,21,29,4807.0,Normal,2,8.01,16.02
1031,1,21,29,4972.0,Normal,1,8.99,8.99
1032,1,21,29,1809.0,Normal,1,8.65,8.65
1033,1,21,29,,Normal,3,8.68,26.04
1034,1,21,29,,Normal,3,8.57,25.71
1035,1,21,29,,Normal,2,8.49,16.98
1036,1,21,29,,Normal,3,8.12,24.36
1037,1,21,29,,Normal,2,8.7,17.4
1038,1,21,29,2280.0,Reducida,4,6.1,24.4
1039,1,21,29,,Normal,1,8.4,8.4
1040,1,21,29,4543.0,Normal,3,8.1,24.3
1041,1,21,29,,Normal,2,8.34,16.68
1042,1,21,29,,Normal,2,8.84,17.68
1043,1,21,29,1409.0,Normal,2,8.64,17.28
1044,1,21,29,,Normal,1,8.48,8.48
1045,1,21,29,,Normal,4,8.57,34.28
1046,1,21,29,,Reducida,1,6.17,6.17
1047,1,21,29,,Normal,2,8.27,16.54
1048,1,21,29,4241.0,Normal,3,8.42,25.26
1049,1,21,29,,Normal,4,8.01,32.04
1050,1,21,29,3462.0,Normal,2,8.6,17.2
1051,1,21,29,,Normal,4,8.71,34.84
1052,1,21,29,,Normal,1,8.34,8.34
1053,1,21,29,182.0,Normal,1,8.02,8.02
1054,1,21,29,,Normal,2,8.28,16.56
1055,1,21,29,2020.0,Normal,3,8.13,24.39
1056,1,21,29,,Normal,2,8.77,17.54
1057,1,21,29,,Normal,4,8.49,33.96
1058,1,21,29,4222.0,Normal,4,8.28,33.12
1059,1,21,29,,Normal,3,8.03,24.09
1060,1,21,29,4720.0,Normal,1,8.82,8.82
1061,1,21,29,,Normal,2,8.17,16.34
1062,1,21,29,4648.0,Normal,2,8.23,16.46
1063,1,21,29,,Normal,1,8.79,8.79
1064,1,21,29,,Normal,1,9.0,9.0
1065,1,21,21,,Normal,1,8.47,8.47
1066,1,21,21,1583.0,Normal,4,8.5,34.0
1067,1,21,21,,Normal,1,8.15,8.15
1068,1,21,21,,Normal,3,8.4,25.2
1069,1,21,21,232.0,Normal,1,8.02,8.02
1070,1,21,21,,Normal,2,8.33,16.66
1071,1,21,21,1650.0,Reducida,4,6.12,24.48
1072,1,21,21,,Normal,1,8.89,8.89
1073,1,21,21,,Normal,3,8.02,24.06
1074,1,21,21,3655.0,Normal,4,8.96,35.84
1075,1,21,21,,Normal,2,8.43,16.86
1076,1,21,21,489.0,Normal,1,8.77,8.77
1077,1,21,21,,Reducida,1,5.9,5.9
1078,1,21,21,2291.0,Normal,1,8.53,8.53
1079,1,21,21,,Normal,1,8.71,8.71
1080,1,21,21,,Normal,2,8.39,16.78
1081,1,21,21,,Normal,1,8.13,8.13
1082,1,21,21,,Reducida,2,5.87,11.74
1083,1,21,21,,Normal,2,8.08,16.16
1084,1,21,21,745.0,Normal,1,8.47,8.47
1085,1,21,21,,Normal,2,8.05,16.1
1086,1,21,21,3826.0,Normal,1,8.18,8.18
1087,1,21,21,,Normal,2,8.45,16.9
1088,1,21,21,,Normal,2,8.6,17.2
1089,1,21,21,,Normal,1,8.62,8.62
1090,1,21,21,1657.0,Normal,1,8.51,8.51
1091,1,21,21,,Normal,1,8.34,8.34
1092,1,21,21,,Normal,2,8.63,17.26
1093,1,21,49,,Normal,4,8.53,34.12
1094,1,21,49,,Normal,2,8.98,17.96
1095,1,21,49,,Normal,3,8.84,26.52
1096,1,21,49,,Normal,2,8.41,16.82
1097,1,21,49,,Normal,3,8.2,24.6
1098,1,21,49,3244.0,Normal,1,8.85,8.85
1099,1,21,49,1663.0,Normal,3,8.48,25.44
1100,1,21,49,,Normal,3,8.43,25.29
1101,1,21,49,4088.0,Normal,2,8.19,16.38
1102,1,21,49,,Normal,2,8.36,16.72
1103,1,22,38,3869.0,Normal,2,8.42,16.84
1104,1,22,38,2812.0,Reducida,1,6.02,6.02
1105,1,22,38,824.0,Normal,4,8.82,35.28
1106,1,22,38,,Reducida,1,6.48,6.48
1107,1,22,38,,Normal,1,8.81,8.81
1108,1,22,38,,Normal,2,8.5,17.0
1109,1,22,38,,Reducida,1,6.44,6.44
1110,1,22,38,,Normal,3,8.05,24.15
1111,1,22,38,,Normal,2,8.66,17.32
1112,1,22,38,,Normal,4,8.32,33.28
1113,1,22,38,,Normal,1,8.7,8.7
1114,1,22,38,,Normal,1,8.78,8.78
1115,1,22,10,2937.0,Normal,2,8.59,17.18
1116,1,22,10,,Normal,2,8.57,17.14
1117,1,22,10,,Normal,1,8.66,8.66
1118,1,22,10,,Reducida,4,5.9,23.6
1119,1,22,10,3623.0,Reducida,3,6.26,18.78
1120,1,22,10,,Normal,1,8.57,8.57
1121,1,22,10,4892.0,Normal,3,8.97,26.91
1122,1,22,10,4713.0,Normal,1,8.35,8.35
1123,1,22,10,4254.0,Normal,2,8.18,16.36
1124,1,22,10,,Normal,2,8.15,16.3
1125,1,22,10,3120.0,Normal,3,8.78,26.34
1126,1,22,10,2109.0,Reducida,4,6.19,24.76
1127,1,22,10,397.0,Normal,2,8.44,16.88
1128,1,22,7,1348.0,Normal,2,8.21,16.42
1129,1,22,7,908.0,Normal,2,8.83,17.66
1130,1,22,7,,Normal,2,8.41,16.82
1131,1,22,7,,Normal,2,8.13,16.26
1132,1,23,44,,Normal,1,8.51,8.51
1133,1,23,44,2589.0,Normal,1,8.8,8.8
1134,1,23,44,,VIP,3,14.24,42.72
1135,1,23,44,,Normal,2,8.5,17.0
1136,1,23,44,1474.0,Normal,2,8.98,17.96
1137,1,23,44,,Normal,3,8.34,25.02
1138,1,23,44,,Normal,2,8.27,16.54
1139,1,23,44,,Normal,3,8.65,25.95
1140,1,23,44,3749.0,Normal,3,8.61,25.83
1141,1,23,44,,Normal,1,8.06,8.06
1142,1,23,44,4047.0,Normal,2,8.93,17.86
1143,1,23,44,,Reducida,2,6.16,12.32
1144,1,23,44,,Normal,2,8.17,16.34
1145,1,23,44,,Normal,2,8.69,17.38
1146,1,23,44,,Normal,2,8.65,17.3
1147,1,23,44,,VIP,2,14.3,28.6
1148,1,23,44,,Normal,1,8.71,8.71
1149,1,23,44,,Normal,4,8.25,33.0
1150,1,23,44,,Normal,3,8.13,24.39
1151,1,23,44,,Normal,2,8.01,16.02
1152,1,23,44,1122.0,Normal,2,8.76,17.52
1153,1,23,44,3780.0,Normal,3,8.03,24.09
1154,1,23,44,,Reducida,4,6.45,25.8
1155,1,23,44,,Normal,1,8.81,8.81
1156,1,23,44,,Normal,1,8.14,8.14
1157,1,23,44,,Normal,3,8.91,26.73
1158,1,23,44,,Normal,2,8.4,16.8
1159,1,23,44,2093.0,Reducida,3,6.31,18.93
1160,1,23,44,3638.0,Normal,1,8.67,8.67
1161,1,23,14,2461.0,Normal,4,8.43,33.72
1162,1,23,14,,Normal,2,8.55,17.1
1163,1,23,14,,Normal,1,8.81,8.81
1164,1,23,14,603.0,Normal,3,8.34,25.02
1165,1,23,14,,Normal,1,8.82,8.82
1166,1,23,14,,Normal,1,8.71,8.71
1167,1,23,14,,Normal,1,8.5,8.5
1168,1,23,14,1667.0,VIP,4,13.64,54.56
1169,1,23,14,,VIP,2,13.85,27.7
1170,1,23,14,,Normal,1,8.78,8.78
1171,1,23,14,,Normal,3,8.89,26.67
1172,1,23,14,1577.0,VIP,4,14.22,56.88
1173,1,23,14,,Normal,1,8.3,8.3
1174,1,23,14,,Reducida,2,5.97,11.94
1175,1,23,14,,VIP,1,13.72,13.72
1176,1,24,44,,Normal,2,8.83,17.66
1177,1,24,44,4629.0,Normal,4,8.73,34.92
1178,1,24,44,4675.0,Reducida,2,5.9,11.8
1179,1,24,44,,Reducida,2,5.53,11.06
1180,1,24,44,,Normal,1,8.35,8.35
1181,1,24,44,,Normal,4,8.51,34.04
1182,1,24,44,,Normal,1,8.38,8.38
1183,1,24,1,,Normal,2,8.47,16.94
1184,1,24,1,,Normal,2,8.52,17.04
1185,1,24,1,,Normal,1,8.45,8.45
1186,1,24,1,,Reducida,1,5.89,5.89
1187,1,24,1,2069.0,Reducida,1,6.34,6.34
1188,1,24,1,3018.0,Normal,1,8.54,8.54
1189,1,24,1,2473.0,Normal,3,8.01,24.03
1190,1,24,1,,Normal,2,8.44,16.88
1191,1,24,1,,Normal,3,8.5,25.5
1192,1,24,1,,Normal,2,8.56,17.12
1193,1,24,1,4225.0,Normal,1,8.76,8.76
1194,1,24,1,1874.0,Normal,4,8.77,35.08
1195,1,24,1,2864.0,Normal,3,8.66,25.98
1196,1,24,1,,Normal,4,8.63,34.52
1197,1,24,1,,Normal,2,8.79,17.58
1198,1,24,1,3144.0,Normal,1,8.75,8.75
1199,1,24,30,3167.0,Normal,1,8.19,8.19
1200,1,24,30,,Normal,2,8.43,16.86
1201,1,24,30,,Normal,1,8.09,8.09
1202,1,24,30,,Normal,1,8.83,8.83
1203,1,24,30,,Normal,1,8.73,8.73
1204,1,24,30,,Normal,2,8.07,16.14
1205,1,25,30,,Normal,3,8.25,24.75
1206,1,25,30,4392.0,Normal,3,8.06,24.18
1207,1,25,30,572.0,Normal,2,8.4,16.8
1208,1,25,30,,Normal,3,8.1,24.3
1209,1,25,30,,Normal,3,8.84,26.52
1210,1,25,30,,Normal,1,8.06,8.06
1211,1,25,30,,Normal,1,8.67,8.67
1212,1,25,30,,Normal,4,8.36,33.44
1213,1,25,30,,Normal,3,8.12,24.36
1214,1,25,30,,Normal,1,8.16,8.16
1215,1,25,30,,Normal,2,8.35,16.7
1216,1,25,30,,Normal,2,8.9,17.8
1217,1,25,30,,Normal,4,8.35,33.4
1218,1,25,30,,Normal,2,8.41,16.82
1219,1,25,45,,Normal,2,8.9,17.8
1220,1,25,45,1585.0,Normal,2,8.68,17.36
1221,1,25,45,,Normal,2,8.2,16.4
1222,1,25,45,4077.0,Normal,4,8.97,35.88
1223,1,25,45,,Normal,2,8.9,17.8
1224,1,25,45,,Normal,1,8.34,8.34
1225,1,25,45,2702.0,Normal,3,8.41,25.23
1226,1,25,45,,Normal,2,8.08,16.16
1227,1,25,45,,Normal,2,8.0,16.0
1228,1,25,45,,Normal,1,8.66,8.66
1229,1,26,6,,3D,2,11.95,23.9
1230,1,26,6,,3D,3,11.9,35.7
1231,1,26,6,,3D,2,11.72,23.44
1232,1,26,6,,3D,2,11.68,23.36
1233,1,26,6,,3D,3,12.48,37.44
1234,1,26,6,575.0,3D,3,11.82,35.46
1235,1,26,6,,3D,3,12.5,37.5
1236,1,26,6,1028.0,3D,3,11.95,35.85
1237,1,26,6,,3D,1,11.69,11.69
1238,1,26,6,,3D,1,11.99,11.99
1239,1,26,6,,3D,1,11.6,11.6
1240,1,26,6,,3D,2,11.72,23.44
1241,1,26,6,,3D,3,12.03,36.09
1242,1,26,6,3779.0,3D,2,12.25,24.5
1243,1,26,6,,3D,1,11.72,11.72
1244,1,26,6,,3D,2,12.16,24.32
1245,1,26,6,,3D,2,11.85,23.7
1246,1,26,6,,3D,4,12.48,49.92
1247,1,26,6,,3D,3,11.91,35.73
1248,1,26,6,31.0,3D,3,11.96,35.88
1249,1,26,6,,3D,1,11.58,11.58
1250,1,26,15,,3D,1,12.33,12.33
1251,1,26,15,,3D,1,11.89,11.89
1252,1,26,15,,3D,1,12.13,12.13
1253,1,26,15,2605.0,3D,2,12.1,24.2
1254,1,26,15,,3D,1,12.44,12.44
1255,1,26,15,,3D,1,12.44,12.44
1256,1,26,15,,3D,3,12.02,36.06
1257,1,26,15,,3D,2,11.68,23.36
1258,1,26,15,203.0,3D,4,12.1,48.4
1259,1,26,15,,3D,2,11.75,23.5
1260,1,26,15,,3D,1,12.29,12.29
1261,1,26,15,,3D,4,11.76,47.04
1262,1,26,15,4350.0,3D,3,12.02,36.06
1263,1,26,15,,3D,2,12.4,24.8
1264,1,26,15,,3D,2,12.42,24.84
1265,1,26,15,,3D,2,11.69,23.38
1266,1,27,23,,IMAX,2,15.17,30.34
1267,1,27,23,,IMAX,4,15.03,60.12
1268,1,27,23,,IMAX,2,15.14,30.28
1269,1,27,23,,IMAX,2,15.22,30.44
1270,1,27,23,3061.0,IMAX,2,15.86,31.72
1271,1,27,23,,IMAX,1,15.14,15.14
1272,1,27,23,1667.0,IMAX,1,15.31,15.31
1273,1,27,23,,IMAX,2,15.04,30.08
1274,1,27,23,147.0,IMAX,2,15.97,31.94
1275,1,27,23,,IMAX,3,15.44,46.32
1276,1,27,23,,IMAX,2,15.6,31.2
1277,1,27,23,,IMAX,1,15.42,15.42
1278,1,27,23,,IMAX,4,15.73,62.92
1279,1,27,23,,IMAX,1,15.17,15.17
1280,1,27,18,,IMAX,1,15.58,15.58
1281,1,27,18,,IMAX,3,15.4,46.2
1282,1,27,18,,IMAX,2,15.16,30.32
1283,1,27,18,,IMAX,3,15.44,46.32
1284,1,27,18,,IMAX,4,15.38,61.52
1285,1,27,18,,IMAX,4,15.96,63.84
1286,1,27,18,,IMAX,1,15.87,15.87
1287,1,27,18,,IMAX,1,15.09,15.09
1288,1,27,18,,IMAX,1,15.24,15.24
1289,1,27,41,,IMAX,1,15.58,15.58
1290,1,27,41,,IMAX,3,15.35,46.05
1291,1,27,41,4379.0,IMAX,3,15.65,46.95
1292,1,27,41,1421.0,IMAX,3,15.03,45.09
1293,1,27,41,,IMAX,4,15.92,63.68
1294,1,27,41,,IMAX,1,15.7,15.7
1295,1,27,41,3651.0,IMAX,3,15.81,47.43
1296,1,27,41,2796.0,IMAX,2,15.46,30.92
1297,1,27,41,1847.0,IMAX,4,15.59,62.36
1298,1,27,26,,IMAX,1,15.51,15.51
1299,1,27,26,,IMAX,1,15.89,15.89
1300,1,27,26,,IMAX,1,15.6,15.6
1301,1,27,26,,IMAX,1,15.4,15.4
1302,1,27,26,1681.0,IMAX,1,15.78,15.78
1303,1,27,26,,IMAX,2,15.51,31.02
1304,1,27,26,571.0,IMAX,3,15.02,45.06
1305,1,27,26,,IMAX,1,15.9,15.9
1306,1,27,26,,IMAX,3,15.68,47.04
1307,1,27,26,,IMAX,3,15.14,45.42
1308,1,27,26,,IMAX,2,15.01,30.02
1309,1,27,26,,IMAX,3,15.95,47.85
1310,1,27,26,,IMAX,3,15.71,47.13
1311,1,27,26,,IMAX,1,15.5,15.5
1312,1,27,26,3849.0,IMAX,2,15.19,30.38
1313,1,27,26,,IMAX,1,15.44,15.44
1314,1,28,43,3331.0,Normal,1,8.4,8.4
1315,1,28,43,,Normal,2,8.63,17.26
1316,1,28,43,990.0,Normal,1,8.55,8.55
1317,1,28,43,3332.0,Normal,1,8.85,8.85
1318,1,28,43,,Reducida,2,5.72,11.44
1319,1,28,43,,Normal,3,8.93,26.79
1320,1,28,43,3006.0,Normal,2,8.87,17.74
1321,1,28,43,3468.0,Normal,4,8.43,33.72
1322,1,28,43,,Reducida,2,5.61,11.22
1323,1,28,43,,Normal,1,8.13,8.13
1324,1,28,43,555.0,Normal,4,8.69,34.76
1325,1,28,43,1989.0,Normal,1,8.12,8.12
1326,1,28,43,,Normal,2,8.37,16.74
1327,1,28,43,,Normal,3,8.29,24.87
1328,1,28,43,,Normal,2,8.07,16.14
1329,1,28,43,,Normal,4,8.89,35.56
1330,1,28,43,3448.0,Normal,3,8.16,24.48
1331,1,28,43,,Normal,1,9.0,9.0
1332,1,28,43,,Normal,2,8.06,16.12
1333,1,28,43,,Normal,3,8.9,26.7
1334,1,28,43,,Normal,2,8.27,16.54
1335,1,28,43,,Normal,4,8.17,32.68
1336,1,28,43,,Normal,1,8.28,8.28
1337,1,28,43,,Normal,2,8.57,17.14
1338,1,28,43,,Normal,2,8.42,16.84
1339,1,28,43,,Normal,2,8.24,16.48
1340,1,28,43,,Normal,2,8.9,17.8
1341,1,28,43,,Normal,1,8.3,8.3
1342,1,28,43,,Normal,3,8.68,26.04
1343,1,28,43,,Normal,3,8.82,26.46
1344,1,28,43,254.0,Normal,4,8.48,33.92
1345,1,28,43,4966.0,Normal,2,8.65,17.3
1346,1,28,43,,Reducida,1,6.45,6.45
1347,1,28,43,,Reducida,1,5.84,5.84
1348,1,28,43,281.0,Reducida,2,5.57,11.14
1349,1,28,43,,Normal,3,8.65,25.95
1350,1,28,12,2160.0,Normal,2,8.39,16.78
1351,1,28,12,,Normal,2,8.61,17.22
1352,1,28,12,,Normal,2,8.02,16.04
1353,1,28,12,,Normal,3,8.69,26.07
1354,1,28,12,3488.0,Normal,4,8.7,34.8
1355,1,28,12,,Normal,1,8.24,8.24
1356,1,28,12,,Normal,1,8.38,8.38
1357,1,28,12,,Normal,1,8.71,8.71
1358,1,28,12,121.0,Normal,2,8.33,16.66
1359,1,28,12,,Normal,2,8.37,16.74
1360,1,28,12,2514.0,Normal,1,8.9,8.9
1361,1,28,12,4359.0,Normal,4,8.26,33.04
1362,1,28,12,,Reducida,1,6.49,6.49
1363,1,28,12,,Normal,1,8.32,8.32
1364,1,29,26,,IMAX,1,15.4,15.4
1365,1,29,26,,IMAX,2,15.39,30.78
1366,1,29,26,,IMAX,4,15.93,63.72
1367,1,29,26,,IMAX,1,15.72,15.72
1368,1,29,26,,IMAX,4,15.16,60.64
1369,1,29,26,,IMAX,1,15.47,15.47
1370,1,29,26,,IMAX,4,15.95,63.8
1371,1,29,26,4187.0,IMAX,1,15.24,15.24
1372,1,29,26,,IMAX,1,15.6,15.6
1373,1,29,26,,IMAX,3,15.91,47.73
1374,1,29,26,,IMAX,1,15.55,15.55
1375,1,29,26,,IMAX,3,15.36,46.08
1376,1,29,26,,IMAX,2,15.49,30.98
1377,1,29,26,,IMAX,2,15.16,30.32
1378,1,29,26,,IMAX,2,15.53,31.06
1379,1,29,26,4927.0,IMAX,2,15.9,31.8
1380,1,29,26,3134.0,IMAX,1,15.89,15.89
1381,1,29,26,,IMAX,2,15.61,31.22
1382,1,29,26,,IMAX,1,15.32,15.32
1383,1,29,26,3859.0,IMAX,4,15.53,62.12
1384,1,29,26,,IMAX,1,15.51,15.51
1385,1,29,26,,IMAX,1,15.06,15.06
1386,1,29,26,,IMAX,2,15.89,31.78
1387,1,29,26,,IMAX,3,15.27,45.81
1388,1,29,26,,IMAX,2,15.9,31.8
1389,1,29,26,,IMAX,2,15.58,31.16
1390,1,29,26,,IMAX,2,15.11,30.22
1391,1,29,26,,IMAX,2,15.48,30.96
1392,1,29,26,4090.0,IMAX,2,15.7,31.4
1393,1,29,26,,IMAX,2,15.41,30.82
1394,1,29,6,4515.0,IMAX,4,15.9,63.6
1395,1,29,6,,IMAX,3,15.13,45.39
1396,1,29,6,,IMAX,2,15.42,30.84
1397,1,29,6,,IMAX,3,15.09,45.27
1398,1,29,6,2018.0,IMAX,2,15.75,31.5
1399,1,29,6,,IMAX,2,15.42,30.84
1400,1,29,6,2977.0,IMAX,3,15.76,47.28
1401,1,29,6,,IMAX,4,15.16,60.64
1402,1,29,6,,IMAX,4,16.0,64.0
1403,1,30,42,4047.0,Normal,1,8.71,8.71
1404,1,30,42,,Normal,4,8.89,35.56
1405,1,30,42,,Normal,2,8.99,17.98
1406,1,30,42,,Normal,1,8.14,8.14
1407,1,30,42,,Normal,3,8.08,24.24
1408,1,30,42,,Normal,3,8.59,25.77
1409,1,30,42,,Normal,2,8.17,16.34
1410,1,30,42,,Normal,2,8.6,17.2
1411,1,30,42,2525.0,Reducida,4,6.02,24.08
1412,1,30,42,2908.0,Normal,2,8.95,17.9
1413,1,30,42,,Normal,2,8.6,17.2
1414,1,30,42,2174.0,Normal,2,8.63,17.26
1415,1,30,42,,Normal,2,8.46,16.92
1416,1,30,42,1464.0,Normal,2,8.98,17.96
1417,1,30,5,,Normal,2,8.41,16.82
1418,1,30,5,,Normal,3,8.62,25.86
1419,1,30,5,,Reducida,2,6.33,12.66
1420,1,30,5,,Normal,3,8.32,24.96
1421,1,30,5,417.0,Reducida,2,6.13,12.26
1422,1,30,5,3502.0,Reducida,3,5.56,16.68
1423,1,30,5,,Normal,2,8.46,16.92
1424,1,30,5,,Normal,4,8.64,34.56
1425,1,30,5,,Normal,2,8.81,17.62
1426,1,30,5,3346.0,Reducida,4,5.55,22.2
1427,1,30,5,,Reducida,1,5.72,5.72
1428,1,31,48,1894.0,Normal,2,8.28,16.56
1429,1,31,48,,Normal,2,8.0,16.0
1430,1,31,48,892.0,Normal,2,8.82,17.64
1431,1,31,48,2010.0,Normal,1,8.77,8.77
1432,1,31,48,4441.0,Normal,2,8.84,17.68
1433,1,31,48,392.0,Normal,3,8.53,25.59
1434,1,31,48,,Normal,2,8.82,17.64
1435,1,31,48,,Normal,1,8.86,8.86
1436,1,31,48,2171.0,Normal,4,8.93,35.72
1437,1,31,48,519.0,Normal,1,8.09,8.09
1438,1,31,48,2987.0,Normal,3,8.79,26.37
1439,1,31,48,637.0,Normal,3,8.64,25.92
1440,1,31,48,,Normal,2,8.26,16.52
1441,1,31,48,,Normal,2,8.61,17.22
1442,1,31,48,,Normal,2,8.02,16.04
1443,1,31,48,,Reducida,2,6.11,12.22
1444,1,31,48,,Normal,2,8.33,16.66
1445,1,31,48,,Normal,4,8.28,33.12
1446,1,31,48,,Normal,1,8.38,8.38
1447,1,31,48,,Normal,1,8.33,8.33
1448,1,31,48,,Normal,2,8.36,16.72
1449,1,31,48,2022.0,Normal,1,8.98,8.98
1450,1,31,48,894.0,Normal,1,8.15,8.15
1451,1,31,48,,Normal,1,8.26,8.26
1452,1,31,43,3278.0,Normal,2,8.78,17.56
1453,1,31,43,1298.0,Normal,4,8.27,33.08
1454,1,31,43,,Normal,3,8.86,26.58
1455,1,31,43,4010.0,Normal,1,8.36,8.36
1456,1,31,43,,Normal,1,8.65,8.65
1457,1,31,43,928.0,Normal,2,8.86,17.72
1458,1,31,43,1647.0,Normal,3,8.76,26.28
1459,1,31,43,,Normal,4,8.92,35.68
1460,1,31,43,484.0,Normal,2,8.66,17.32
1461,1,31,43,,Normal,2,8.79,17.58
1462,1,31,43,,Normal,3,8.44,25.32
1463,1,31,43,,Normal,2,8.85,17.7
1464,1,31,43,,Normal,1,8.47,8.47
1465,1,31,40,,Normal,1,8.31,8.31
1466,1,31,40,,Normal,2,8.28,16.56
1467,1,31,40,3023.0,Normal,4,8.77,35.08
1468,1,31,40,,Normal,3,8.54,25.62
1469,1,31,40,,Normal,1,8.46,8.46
1470,1,31,40,,Normal,2,8.89,17.78
1471,1,31,40,,Normal,2,8.85,17.7
1472,1,31,40,,Normal,2,8.2,16.4
1473,1,31,40,,Normal,1,8.12,8.12
1474,1,31,40,,Normal,4,8.23,32.92
1475,1,31,40,2569.0,Normal,1,8.4,8.4
1476,1,31,40,3411.0,Normal,2,8.49,16.98
1477,1,31,40,4329.0,Normal,1,8.19,8.19
1478,1,31,40,,Normal,1,8.75,8.75
1479,1,31,40,3422.0,Normal,2,8.77,17.54
1480,1,31,40,,Normal,2,8.25,16.5
1481,1,31,40,,Normal,4,8.11,32.44
1482,1,31,40,2678.0,Normal,1,8.89,8.89
1483,1,31,40,,Normal,1,8.03,8.03
